{"cameraMode":{"drawMode":0,"name":"Shaded","section":"Shading Mode"},"sceneLighting":true,"audioPlay":false,"sceneViewState":{"m_AlwaysRefresh":false,"showFog":true,"showSkybox":true,"showFlares":true,"showImageEffects":true,"showParticleSystems":true,"showVisualEffectGraphs":true,"m_FxEnabled":true},"in2DMode":false,"pivot":{"x":660.023681640625,"y":377.9395446777344,"z":547.9044799804688},"rotation":{"x":0.022807514294981958,"y":0.0014951660996302963,"z":-0.00003414815728319809,"w":0.9997345805168152},"size":529.0159301757813,"orthographic":false}